[
    {"fecha" : "202402271910",
    "equipo" : "Cobas 8000",
    "modelo" : "RC8000",
    "serial" : "RC2587SRL2020",
    "responsable" : "Maria Antonieta de las Nieves",
    "profesión" : "Bacterióloga",
    "ips" : "Clínica Siempre Viva",
    "id" : "1234567890","nombre" : "Pedro Pablo",
    "apellido" : "Pérez Perea",
    "sexo" : "Masculino",
    "edad" : 23,
    "examen" : {
        "HDL" : 70,
        "LDL" : 50,
        "TRIG" : 110},
    "médico" : "Dr. Jose Obdulio",
    "especialidad" : "Nutrición",
    "ingreso" : "Ambulatorio",
    "dx" : "Esguince de rodilla",
    "Comorbilidades" : [
        "Diabete Tipo I" , 
        "Hipertiroidismo"]
    }
]
